,,,,,,,,,,,,,,,,,,,,,
,,,,,,,,,,,,,,,,,,,,,
,,A,R,N,D,C,Q,E,G,H,I,L,K,M,F,P,S,T,W,Y,V
,A,,,,,,,1,3,,,,,,,2,4,3,,,1
,R,,,,,,4,,,3,,,6,,,,,,2,,
,N,,,,6,,,2,,4,,,3,,,,3,2,,,
,D,,,6,,,1,7,,,,,,,,,,,,,
,C,,,,,,,,,,,,,,,,,,,,
,Q,,4,1,1,,,6,,6,,,3,1,,,,,,,
,E,1,,2,7,,6,,,,,,1,,,,,,,,
,G,3,,,,,,,,,,,,,,,1,,,,
,H,,3,4,,,6,,,,,,,,,,,,,2,
,I,,,,,,,,,,,4,,4,1,,,1,,,8
,L,,,,,,,,,,4,,,7,2,,,,,,2
,K,,6,3,,,3,1,,,,,,1,,,,,,,
,M,,,,,,1,,,,4,7,1,,,,,,,,3
,F,,,,,,,,,,1,2,,,,,,,1,9,
,P,2,,,,,,,,,,,,,,,1,,,,
,S,4,,3,,,,,1,,,,,,,1,,5,,,
,T,3,,2,,,,,,,1,,,,,,5,,,,1
,W,,2,,,,,,,,,,,,1,,,,,3,
,Y,,,,,,,,,2,,,,,9,,,,3,,
,V,1,,,,,,,,,8,2,,3,,,,1,,,