Position,Res,N,R,T,PICKS,Most-neutral? [CALC],Other existing variants (from phylogenetic analysis),Suggested neutral mutations (BLOSUM 62>0) [CALC],Select 2 neutral picks (downselect to least unusual amino acids based on BLOSUM62 diagonal),Predicted disruptive mutations (BLOSUM62 <=-3) [Calc],Select 2 disruptive picks
PI:1,M,0.14,0.51,0.35,*,TRUE,[no variants]*,"I, L, V (4)","I, L","D*, G* (-3)","D, G"
PI:2,A,0.18,0.61,0.21,*,TRUE,"P, S","S, V (4)","S, V","W* (-3), H* F, D, N (-2)","W, H"
PI:3,V,0.01,0.21,0.78,,FALSE,, ,, ,
PI:4,Y,0.05,0.39,0.56,,FALSE,, ,, ,
PI:5,F,0.05,0.35,0.6,,FALSE,, ,, ,
PI:6,V,0,0.15,0.85,,FALSE,, ,, ,
PI:7,T,0.01,0.07,0.92,,FALSE,, ,, ,
PI:8,G,0.04,0.06,0.9,,FALSE,, ,, ,
PI:9,K,0.13,0.18,0.69,*,TRUE,[no variants]*,"R, Q, E (5)","R, Q","C*, W*, I, F (-3)","C, W"
PI:10,L,0.03,0.63,0.34,,FALSE,, ,, ,
PI:11,G,0.08,0.41,0.51,,FALSE,, ,, ,
PI:12,S,0.2,0.34,0.46,*,TRUE,"A, G","A(4), T (5)","A, T","W* (-3), Y*, V, I, L, F (-2)","W, Y"
PI:13,G,0.06,0.36,0.58,,FALSE,, ,, ,
PI:14,K,0.05,0.42,0.53,,FALSE,, ,, ,
PI:15,T,0.02,0.29,0.69,,FALSE,, ,, ,
PI:16,L,0.06,0.53,0.41,,FALSE,, ,, ,
PI:17,V,0.1,0.78,0.12,*,TRUE,"A, I","I, L","I, A","W*, H*, R, N, D, G (-3)","W, H"
PI:18,S,0.1,0.43,0.47,,FALSE,, ,, ,
PI:19,V,0.15,0.39,0.46,*,TRUE,[no variants]*,"I, L","I, L","W*, H*, R, N, D, G (-3)","W, H"
,,,,,,FALSE,, ,, ,
PI:219,Y,0.08,0.65,0.27,,FALSE,, ,, ,
PI:220,S,0.09,0.51,0.4,*,TRUE,T,"A(4), T (5)","A, T","W* (-3), Y*, V, I, L, F (-2)","W, Y"
PI:221,Y,0.05,0.62,0.33,,FALSE,, ,, ,
PI:222,L,0.03,0.7,0.27,,FALSE,, ,, ,
PI:223,T,0.04,0.68,0.28,,FALSE,, ,, ,
PI:224,P,0.04,0.67,0.29,,FALSE,, ,, ,
PI:225,Y,0.07,0.75,0.18,,FALSE,, ,, ,
PI:226,L,0.02,0.92,0.06,,FALSE,, ,, ,
PI:227,S,0.11,0.72,0.17,*,TRUE,"T, N","A(4), T (5)","T, A","W* (-3), Y*, V, I, L, F (-2)","W, Y"
PI:228,H,0.1,0.76,0.14,*,TRUE,"S, R","N, Y","S, R","C*, I^, L, V (-3)","C, I"
PI:229,G,0.01,0.62,0.37,,FALSE,, ,, ,
PI:230,R,0.03,0.76,0.21,,FALSE,, ,, ,
PI:231,Y,0.09,0.63,0.28,*,TRUE,F,"F (6), H (8)",,"P*, D^, G (-3)","P, D"
PI:232,F,0.11,0.64,0.25,*,TRUE,"[none other than insert D, R before]*","W, Y",,"P* (-4), G*, K, E, Q, D, N, R, (-3)","P, G"
PI:233,K,0.06,0.75,0.19,,FALSE,, ,, ,
PI:234,P,0.05,0.8,0.15,,FALSE,, ,, ,
PI:235,L,0.04,0.89,0.07,,FALSE,, ,, ,
PI:236,N,0.14,0.68,0.18,*,TRUE,"H, I","S (4), D (6)",,"W* (-4), C*, V, F, L, I (-3)","W, C"
PI:237,L,0.07,0.87,0.06,,FALSE,, ,, ,
,,,,,,FALSE,, ,, ,
PII:89,V,0,0.14,0.86,,FALSE,, ,, ,
PII:90,E,0.58,0.33,0.09,*,TRUE,Q,"Q (5), K (5)",,"C* (-4), W*, I, L, F (-3)",
PII:91,I,0.03,0.57,0.4,,FALSE,, ,, ,
PII:92,K,0.11,0.19,0.7,*,TRUE,N,"R, Q, E (5)",,"C*, W*, I, F (-3)",
PII:93,A,0.01,0.12,0.87,,FALSE,, ,, ,
PII:94,S,0.02,0.04,0.94,,FALSE,, ,, ,
PII:95,P,0,0.05,0.95,,FALSE,, ,, ,
PII:96,A,0,0.1,0.9,,FALSE,, ,, ,
PII:97,K,0.1,0.17,0.73,*,TRUE,[no variants]*,"R, Q, E (5)",,"C*, W*, I, F (-3)",
PII:98,V,0.03,0.6,0.37,*,TRUE,"I, L","I, L",,"W*, H*, R, N, D, G (-3)",
PII:99,L,0.04,0.65,0.31,*,TRUE,M,"I (4), V (4)",,"D*, G* (-4)",
PII:100,Q,0.13,0.13,0.74,*,TRUE,[no variants]*,"R, E, K (5)",,"C* (-4), F*, I (-3)",
PII:101,G,0,0.02,0.98,,FALSE,, ,, ,
PII:102,H,0.03,0.05,0.92,,FALSE,, ,, ,
PII:103,N,0.01,0.06,0.93,,FALSE,, ,, ,
PII:104,V,0,0.11,0.89,,FALSE,, ,, ,
PII:105,F,0.02,0.06,0.92,,FALSE,, ,, ,
PII:106,G,0,0.05,0.95,,FALSE,, ,, ,
PII:107,T,0.01,0.04,0.95,,FALSE,, ,, ,
,,,,,,FALSE,, ,, ,
PII:84,N,0.92,0.06,0.02,*,TRUE,[no variants]*,"S (4), D (6)",,"W* (-4), C*, V, F, L, I (-3)",
PII:85,F,0.44,0.4,0.16,*,TRUE,"H, Y","W, Y",,"P* (-4), G*, K, E, Q, D, N, R, (-3)",
PII:86,Y,0.83,0.13,0.04,*,TRUE,E,"F (6), H (8)",,"P*, D^, G (-3)",
PII:87,P,0.07,0.07,0.86,,FALSE,, ,, ,
PII:88,C,0.13,0.57,0.3,*,TRUE,"S, Y","A, I (3), L (3)",,"W*, L* (-4)",
PII:89,V,0,0.14,0.86,,FALSE,, ,, ,
PII:90,E,0.58,0.33,0.09,*,TRUE,[no variants]*,"Q (5), K (5)",,"C* (-4), W*, I, L, F (-3)",
PII:91,I,0.03,0.57,0.4,,FALSE,, ,, ,
PII:92,K,0.11,0.19,0.7,,FALSE,, ,, ,
PII:93,A,0.01,0.12,0.87,,FALSE,, ,, ,
PII:94,S,0.02,0.04,0.94,,FALSE,, ,, ,
PII:95,P,0,0.05,0.95,,FALSE,, ,, ,
PII:96,A,0,0.1,0.9,,FALSE,, ,, ,
PII:97,K,0.1,0.17,0.73,,FALSE,, ,, ,
PII:98,V,0.03,0.6,0.37,,FALSE,, ,, ,
PII:99,L,0.04,0.65,0.31,,FALSE,, ,, ,
PII:100,Q,0.13,0.13,0.74,*,TRUE,[no variants]*,"R, E, K (5)",,"C* (-4), F*, I (-3)",
PII:101,G,0,0.02,0.98,,FALSE,, ,, ,
PII:102,H,0.03,0.05,0.92,,FALSE,, ,, ,
,,,,,,FALSE,, ,, ,
PIII:367,P,0,0.11,0.89,,FALSE,, ,, ,
PIII:368,Q,0.3,0.54,0.16,*,TRUE,A,"R, E, K (5)",,"C* (-4), F*, I (-3)",
PIII:369,S,0.01,0.37,0.62,,FALSE,, ,, ,
PIII:370,V,0,0.07,0.93,,FALSE,, ,, ,
PIII:371,E,0.13,0.32,0.55,*,TRUE,Q,"Q (5), K (5)",,"C* (-4), W*, I, L, F (-3)",
PIII:372,C,0.03,0.09,0.88,,FALSE,, ,, ,
PIII:373,R,0.02,0.31,0.67,,FALSE,, ,, ,
PIII:374,P,0.03,0.54,0.43,,FALSE,, ,, ,
PIII:375,F,0.03,0.02,0.95,,FALSE,, ,, ,
PIII:376,V,0,0.22,0.78,,FALSE,, ,, ,
PIII:377,F,0.04,0.39,0.57,,FALSE,, ,, ,
PIII:378,G,0.02,0.51,0.47,,FALSE,, ,, ,
PIII:379,A,0.23,0.61,0.16,*,TRUE,T,"S, V (4)",,"W* (-3), H* F, D, N (-2)",
PIII:380,G,0,0.17,0.83,,FALSE,, ,, ,
PIII:381,K,0.8,0.13,0.07,*,TRUE,"Q, G","R, Q, E (5)",,"C*, W*, I, F (-3)",
PIII:382,P,0.76,0.21,0.03,*,TRUE,"S, K","A (4), S (4)",,"W*, F* (-4)",
PIII:383,Y,0.06,0.6,0.34,,FALSE,, ,, ,
PIII:384,E,0.14,0.44,0.42,*,TRUE,S,"Q (5), K (5)",,"C* (-4), W*, I, L, F (-3)",
PIII:385,F,0,0.11,0.89,,FALSE,, ,, ,
,,,,,,FALSE,, ,, ,
PIII:395,F,0.08,0.4,0.52,,FALSE,, ,, ,
PIII:396,R,0.02,0.71,0.27,,FALSE,, ,, ,
PIII:397,G,0.09,0.67,0.24,,FALSE,, ,, ,
PIII:398,V,0.14,0.34,0.52,*,TRUE,I,"I, L",,"W*, H*, R, N, D, G (-3)",
PIII:399,F,0.22,0.35,0.43,*,TRUE,[no variants]*,"W, Y",,"P* (-4), G*, K, E, Q, D, N, R, (-3)",
PIII:400,A,0.08,0.28,0.64,,FALSE,, ,, ,
PIII:401,F,0.19,0.33,0.48,*,TRUE,"W, Y","W, Y",,"P* (-4), G*, K, E, Q, D, N, R, (-3)",
PIII:402,L,0.06,0.44,0.5,,FALSE,, ,, ,
PIII:403,L,0.03,0.43,0.54,,FALSE,, ,, ,
PIII:404,Y,0.03,0.33,0.64,,FALSE,, ,, ,
PIII:405,V,0.07,0.68,0.25,,FALSE,, ,, ,
PIII:406,A,0.08,0.76,0.16,,FALSE,, ,, ,
PIII:407,T,0.03,0.26,0.71,,FALSE,, ,, ,
PIII:408,F,0.12,0.42,0.46,*,TRUE,"Y, A, M","W, Y",,"P* (-4), G*, K, E, Q, D, N, R, (-3)",
PIII:409,M,0.06,0.25,0.69,,FALSE,, ,, ,
PIII:410,Y,0.02,0.29,0.69,,FALSE,, ,, ,
PIII:411,V,0.04,0.44,0.52,,FALSE,, ,, ,
PIII:412,F,0.14,0.47,0.39,*,TRUE,"L, I","W, Y",,"P* (-4), G*, K, E, Q, D, N, R, (-3)",
PIII:413,S,0.1,0.52,0.38,*,TRUE,"[no variants]* (presumably because if it's different it's left out of the results, re-run with context?)","A(4), T (5)",,"W* (-3), Y*, V, I, L, F (-2)",
,,,,,,FALSE,, ,, ,
PIII:48,Y,0.13,0.67,0.2,,FALSE,, ,, ,
PIII:49,A,0.13,0.68,0.19,,FALSE,, ,, ,
PIII:50,N,0.2,0.48,0.32,*,TRUE,"I, D","S (4), D (6)",,"W* (-4), C*, V, F, L, I (-3)",
PIII:51,Y,0.22,0.64,0.14,*,TRUE,F,"F (6), H (8)",,"P*, D^, G (-3)",
PIII:52,E,0.38,0.54,0.08,*,TRUE,"D, E, N, Q","Q (5), K (5)",,"C* (-4), W*, I, L, F (-3)",
PIII:53,G,0.01,0.3,0.69,,FALSE,, ,, ,
PIII:54,C,0.09,0.7,0.21,,FALSE,, ,, ,
PIII:55,L,0.11,0.85,0.04,,FALSE,, ,, ,
PIII:56,W,0.14,0.53,0.33,,FALSE,, ,, ,
PIII:57,N,0.19,0.6,0.21,*,TRUE,"K, E, D","S (4), D (6)",,"W* (-4), C*, V, F, L, I (-3)",
PIII:58,A,0.16,0.53,0.31,,FALSE,, ,, ,
PIII:59,T,0.13,0.7,0.17,,FALSE,, ,, ,
PIII:60,G,0.09,0.74,0.17,,FALSE,, ,, ,
PIII:61,V,0.13,0.64,0.23,,FALSE,, ,, ,
PIII:62,V,0.14,0.79,0.07,,FALSE,, ,, ,
PIII:63,V,0.11,0.81,0.08,,FALSE,, ,, ,
PIII:64,C,0.12,0.7,0.18,,FALSE,, ,, ,
PIII:65,T,0.18,0.74,0.08,*,TRUE,"[no variants]* (presumably because if it's different it's left out of the results, re-run with context?)","S, V(4)",,"W*, Y*, G, H, F (-2)",
PIII:66,G,0.37,0.53,0.1,*,TRUE,"[no variants]* (presumably because if it's different it's left out of the results, re-run with context?)","S (4), Q (5), E (5)",,"I*, L* (-4)",
,,,,,,FALSE,, ,, ,
PIV:360,I,0.15,0.73,0.12,,FALSE,, ,, ,
PIV:361,A,0.48,0.44,0.08,*,TRUE,"S, Q, E, T","S, V (4)",,"W* (-3), H* F, D, N (-2)",
PIV:362,T,0.02,0.51,0.47,,FALSE,, ,, ,
PIV:363,T,0.28,0.62,0.1,*,TRUE,[no variants]*,"S, V(4)",,"W*, Y*, G, H, F (-2)",
PIV:364,V,0.01,0.68,0.31,,FALSE,, ,, ,
PIV:365,N,0.3,0.44,0.26,*,TRUE,"Q, K, S, D","S (4), D (6)",,"W* (-4), C*, V, F, L, I (-3)",
PIV:366,L,0.04,0.74,0.22,,FALSE,, ,, ,
PIV:367,R,0.68,0.17,0.15,*,TRUE,K,"K, Q",,"C*, W*, I, F, V (-3)",
PIV:368,D,0.17,0.41,0.42,,FALSE,, ,, ,
PIV:369,G,0.05,0.74,0.21,,FALSE,, ,, ,
PIV:370,Q,0.45,0.33,0.22,*,TRUE,D,"R, E, K (5)",,"C* (-4), F*, I (-3)",
PIV:371,T,0.03,0.49,0.48,,FALSE,, ,, ,
PIV:372,L,0.09,0.81,0.1,,FALSE,, ,, ,
PIV:373,L,0.01,0.68,0.31,,FALSE,, ,, ,
PIV:374,L,0.03,0.71,0.26,,FALSE,, ,, ,
PIV:375,G,0.03,0.36,0.61,,FALSE,, ,, ,
PIV:376,G,0.01,0.35,0.64,,FALSE,, ,, ,
PIV:377,L,0.02,0.57,0.41,,FALSE,, ,, ,
PIV:378,T,0.23,0.64,0.13,*,TRUE,"[no variants]* (presumably because if it's different it's left out of the results, re-run with context?)","S, V(4)",,"W*, Y*, G, H, F (-2)",
,,,,,,FALSE,, ,, ,
PII:131,L,0.16,0.71,0.13,,FALSE,, ,, ,
PII:132,L,0.11,0.66,0.23,,FALSE,, ,, ,
PII:133,D,0.48,0.26,0.26,*,TRUE,"H, G","N, E",,"W*, L* (-4)",
PII:134,V,0.31,0.57,0.12,*,TRUE,"I, G","I, L",,"W*, H*, R, N, D, G (-3)",
PII:135,N,0.87,0.07,0.06,*,TRUE,"P, E, A, D","S (4), D (6)",,"W* (-4), C*, V, F, L, I (-3)",
PII:136,A,0.54,0.33,0.13,*,TRUE,"N, S, E","S, V (4)",,"W* (-3), H* F, D, N (-2)",
PII:137,T,0.02,0.06,0.92,,FALSE,, ,, ,
PII:138,T,0.38,0.49,0.13,*,TRUE,"S, A, I, E","S, V(4)",,"W*, Y*, G, H, F (-2)",
PII:139,I,0,0.45,0.55,,FALSE,, ,, ,
PII:140,S,0.08,0.7,0.22,,FALSE,, ,, ,
PII:141,R,0.02,0.3,0.68,,FALSE,, ,, ,
PII:142,I,0,0.45,0.55,,FALSE,, ,, ,
PII:143,D,0,0.09,0.91,,FALSE,, ,, ,
PII:144,A,0.01,0.47,0.52,,FALSE,, ,, ,
PII:145,A,0,0.13,0.87,,FALSE,, ,, ,
PII:146,F,0.06,0.68,0.26,,FALSE,, ,, ,
PII:147,S,0.03,0.07,0.9,,FALSE,, ,, ,
PII:148,A,0.03,0.66,0.31,,FALSE,, ,, ,
PII:149,R,0.38,0.28,0.34,*,TRUE,"[no variants]* (presumably because if it's different it's left out of the results, re-run with context?)","K, Q",,"C*, W*, I, F, V (-3)",
,,,,,,,*in top 100 pBLAST results,,,,